priority,business,category,suggested pitch,contact (from source),email,status,source
A,B Kavanagh Accountancy Services,Accountant,League title or club partner,086 262 6855,,,Wicklow Chamber member directory
A,Conlon O'Sullivan,Accountant,League title or club partner,,,,Wicklow Chamber member directory
A,Cooney Parle Accountants,Accountant,League title or club partner,,,,Wicklow Chamber member directory
A,DMQ Accountants,Accountant,League title or club partner,,,,Wicklow Chamber member directory
A,IFAC Accountants,Accountant,League title or club partner,,,,Wicklow Chamber member directory
A,Noel P. Geraghty & Co,Accountant,League title or club partner,,,,Wicklow Chamber member directory
A,Clarke Auctioneers,Auctioneer,Club partner,,,,Wicklow Chamber member directory
A,O'Neill and Flanagan Auctioneers,Auctioneer,Club partner,,,,Wicklow Chamber member directory
A,AIB Wicklow,Bank,League title sponsor,,,,Wicklow Chamber member directory
A,Bank of Ireland Wicklow,Bank,League title sponsor,,,,Wicklow Chamber member directory
A,Great Eastern Brewing Co,Brewery,Finals day sponsor,,,,wicklowtown.ie eat-drink-stay
A,Wicklow Brewery,Brewery,Finals day sponsor,0404 41661 / www.wicklowbrewery.ie,,,Wicklow Chamber member directory
A,Ardale Construction,Construction,Court naming,087 714 7988 / ltoner@ardale.ie,,,Wicklow Chamber member directory
A,Carlin Kehoe Construction Advisory,Construction,Court naming,,,,Wicklow Chamber member directory
A,East Coast Credit Union,Credit union,League title sponsor,www.eastcoastcu.ie,,,Wicklow Chamber member directory
A,Burke Oil,Energy,Court naming,www.burkeoil.ie,,,Wicklow Chamber member directory
A,Clarke Energy Ireland,Energy,Court naming,,,,Wicklow Chamber member directory
A,Inis Offshore Wind,Energy,Court naming,085 114 9281 / info@inisoffshorewind.ie,,,Wicklow Chamber member directory
A,Quantum Energy (Stephen Leeson),Energy,Court naming,087 417 3880 / 0404 53229,,,Wicklow Chamber member directory
A,SSE Renewables,Energy,Court naming,,,,Wicklow Chamber member directory
A,Trevor Wood Consulting Engineers,Engineering,Club partner,,,,Wicklow Chamber member directory
A,DNG Thornton Properties,Estate agent,Court naming or league title,"Unit 4, SuperValu Complex",,,Wicklow Chamber member directory
A,Forkin Property,Estate agent,Court naming or league title,,,,Wicklow Chamber member directory
A,Sherry Fitzgerald Catherine O'Reilly,Estate agent,Court naming or league title,,,,Wicklow Chamber member directory
A,Inverdea Financial Services,Financial services,League title sponsor,,,,Wicklow Chamber member directory
A,Momentum Financial Services,Financial services,League title sponsor,,,,Wicklow Chamber member directory
A,Neiland Financial Services,Financial services,League title sponsor,,,,Wicklow Chamber member directory
A,Senna Brokers,Financial services,League title sponsor,,,,Wicklow Chamber member directory
A,Blainroe Golf Club,Golf club,Reciprocal partnership,,,,Wicklow Chamber member directory
A,Wicklow Golf Club,Golf club,Reciprocal partnership,,,,Wicklow Chamber member directory
A,AM Fitness,Gym,Club partner + member offer,,,,web search
A,Alpha Fitness,Gym,Club partner + member offer,,,,web search
A,Clan Fitness,Gym,Club partner + member offer,,,,Wicklow Chamber member directory
A,Go Gym Wicklow,Gym,Club partner + member offer,,,,web search
A,Glenview Hotel & Leisure Club,Hotel,Finals day sponsor,01 274 0000 / sales@glenviewhotel.com,,,Wicklow Chamber member directory
A,Parkview Hotel,Hotel,Finals day sponsor,,,,Wicklow Chamber member directory
A,Tinakilly Country House Hotel,Hotel,Finals day sponsor,,,,Wicklow Chamber member directory
A,Chester Beatty's,Hotel / bar,Finals day sponsor,,,,wicklowtown.ie eat-drink-stay
A,The Bridge Tavern,Hotel / bar,Finals day sponsor,,,,wicklowtown.ie eat-drink-stay
A,Campion Insurance,Insurance,League title sponsor,,,,Wicklow Chamber member directory
A,Irish Biofuel Production,Manufacturing,Club partner,,,,Wicklow Chamber member directory
A,Wire Ropes Limited,Manufacturing,Club partner,,,,Wicklow Chamber member directory
A,John Linnane Motors,Motor dealer,Court naming - [Brand] Court 1,,,,Wicklow Chamber member directory
A,Trinity Skoda,Motor dealer,Court naming - [Brand] Court 1,,,,Wicklow Chamber member directory
A,Trinity Volkswagen,Motor dealer,Court naming - [Brand] Court 1,,,,Wicklow Chamber member directory
A,WicklowNews.net,News site,Media partner (contra),www.wicklownews.net,,,Wicklow Chamber member directory
A,Wicklow People,Newspaper,Media partner (contra),www.independent.ie,,,Wicklow Chamber member directory
A,Esmonde Developments,Property developer,Court naming,,,,Wicklow Chamber member directory
A,Glenveagh Homes,Property developer,Court naming,,,,Wicklow Chamber member directory
A,Lusra Teoranta,Property developer,Court naming,087 255 5817 / info@lusra.ie,,,Wicklow Chamber member directory
A,East Coast FM,Radio,Media partner (contra),,,,Wicklow Chamber member directory
A,Multimetals Recycling,Recycling,Club partner,0404 64934 / www.multimetals.ie,,,Wicklow Chamber member directory
A,R.F. Conway & Company,Shipping & logistics,Club partner,,,,Wicklow Chamber member directory
A,Augustus Cullen Law,Solicitor,League title sponsor,,,,Wicklow Chamber member directory
A,Burke Legal,Solicitor,League title sponsor,The Abbey Centre,,,web search
A,Haughton Legal,Solicitor,League title sponsor,0404 54600 / info@haughtonlegal.ie,,,Wicklow Chamber member directory
A,O'Byrne Solicitors,Solicitor,League title sponsor,Wicklow Enterprise Centre,,,web search
A,Oak Legal,Solicitor,League title sponsor,,,,Wicklow Chamber member directory
A,Patrick O'Toole Solicitors,Solicitor,League title sponsor,0404 68320 / reception@patrickotoolesolicitors.ie,,,Wicklow Chamber member directory
A,Wendy Doyle Solicitors,Solicitor,League title sponsor,,,,Wicklow Chamber member directory
A,Gallagher's SuperValu Wicklow Town,Supermarket,Finals day sponsor,,,,Wicklow Chamber member directory
A,Herbst Group,Technology / manufacturing,Club partner,,,,Wicklow Chamber member directory
B,Fitzpatrick's Bar,Bar,Club partner,,,,wicklowtown.ie eat-drink-stay
B,Growler Man,Bar,Club partner,,,,wicklowtown.ie eat-drink-stay
B,Ta Se's,Bar,Club partner,,,,wicklowtown.ie eat-drink-stay
B,The High Court Bar,Bar,Club partner,,,,wicklowtown.ie eat-drink-stay
B,Whistlers Bar,Bar,Club partner,,,,wicklowtown.ie eat-drink-stay
B,O'Shea's Corner,Bar / restaurant,Club partner + member offer,,,,wicklowtown.ie eat-drink-stay
B,Phil Healy's Pub,Bar / restaurant,Club partner + member offer,,,,wicklowtown.ie eat-drink-stay
B,The Brass Fox,Bar / restaurant,Club partner + member offer,,,,wicklowtown.ie eat-drink-stay
B,Wicklow Enterprise Centre,Business support,Club partner,0404 66433 / info@wicklowenterprise.ie,,,Wicklow Chamber member directory
B,Earls Shop and Cafe,Cafe,Club partner + member offer,,,,wicklowtown.ie eat-drink-stay
B,Firehouse Bakery,Cafe,Club partner + member offer,,,,wicklowtown.ie eat-drink-stay
B,Hannah's Coffee Shop,Cafe,Club partner + member offer,,,,wicklowtown.ie eat-drink-stay
B,Nick's Coffee,Cafe,Club partner + member offer,,,,wicklowtown.ie eat-drink-stay
B,The Coffee Shop,Cafe,Club partner + member offer,,,,wicklowtown.ie eat-drink-stay
B,Vital Health Cafe,Cafe,Club partner + member offer,,,,wicklowtown.ie eat-drink-stay
B,Wicklow Inspired,Cafe,Club partner + member offer,,,,wicklowtown.ie eat-drink-stay
B,The Good Life Cafe & Wine Bar,Cafe / wine bar,Club partner,,,,wicklowtown.ie eat-drink-stay
B,Wicklow Chamber of Commerce,Chamber,Club partner,0404 66433 / info@wicklowchamber.ie,,,Wicklow Chamber member directory
B,Ebony Boutique,Clothing,Club partner,,,,wicklowtown.ie shop index
B,John Flood Menswear,Clothing,Club partner,,,,wicklowtown.ie shop index
B,Sean Connolly Menswear,Clothing,Club partner,,,,Wicklow Chamber member directory
B,Wardrobe Boutique,Clothing,Club partner,,,,Wicklow Chamber member directory
B,Delahunt & Foley,Dentist,Club partner,0404 67666 / www.delahuntandfoley.com,,,wicklowtown.ie local services
B,Westmount Dental,Dentist,Club partner,0404 61606 / www.dentist-wicklow.ie,,,wicklowtown.ie local services
B,Wicklow Dental,Dentist,Club partner,0404 69977 / www.wicklowdental.com,,,wicklowtown.ie local services
B,Smiths of Wicklow,Electrical,Club partner,,,,Wicklow Chamber member directory
B,Wicklow Hire & Sales,Equipment hire,Club partner,,,,Wicklow Chamber member directory
B,ELH Electric Events,Events,Club partner,,,,Wicklow Chamber member directory
B,GR8 Events Ticketing,Events,Club partner,www.gr8events.ie,,,Wicklow Chamber member directory
B,Salem Medical Centre,GP,Club partner,0404 67319,,,wicklowtown.ie local services
B,The Village Practice,GP,Club partner,0404 67367,,,wicklowtown.ie local services
B,Westmount Clinic,GP,Club partner,0404 67381 / westmountclinic.ie,,,wicklowtown.ie local services
B,Hopkins Homevalue Hardware,Hardware,Club partner,,,,wicklowtown.ie shop index
B,The Chiropractor Wicklow,Health,Club partner,,,,Wicklow Chamber member directory
B,Wicklow Primary Healthcare Centre,Health,Club partner,0404 67518 / wphc.ie,,,wicklowtown.ie local services
B,Martsworth Ashford,Home & DIY,Club partner,,,,Wicklow Chamber member directory
B,Acuity IT Consulting,IT,Club partner,,,,Wicklow Chamber member directory
B,PTA IT Solutions,IT,Club partner,,,,Wicklow Chamber member directory
B,Remo Kitchens,Kitchens,Club partner,,,,Wicklow Chamber member directory
B,D&W Crash Repairs,Motor,Club partner,,,,Wicklow Chamber member directory
B,Vartry Garage,Motor,Club partner,,,,Wicklow Chamber member directory
B,WTS Motor Repairs,Motor,Club partner,,,,web search
B,Wicklow Tyre Services,Motor,Club partner,,,,Wicklow Chamber member directory
B,Next Door Off-Licence,Off-licence,Club partner,,,,wicklowtown.ie shop index
B,The Wicklow Wine Company,Off-licence,Club partner,,,,Wicklow Chamber member directory
B,CarePlus Pharmacy Wicklow,Pharmacy,Club partner,"SuperValu centre, Church St",,,web search
B,Wicklow Pharmacy,Pharmacy,Club partner,,,,Wicklow Chamber member directory
B,Devitt and Devitt Print & Promotions,Printing,Club partner,,,,Wicklow Chamber member directory
B,"Wicklow Press, Print & Design",Printing,Club partner,,,,Wicklow Chamber member directory
B,Wicklow Print Solutions,Printing,Club partner,,,,Wicklow Chamber member directory
B,Storm Recruitment,Recruitment,Club partner,,,,Wicklow Chamber member directory
B,Blue Seafood and Bistro,Restaurant,Club partner + member offer,,,,wicklowtown.ie eat-drink-stay
B,Capri Pizza & Trento Pasta,Restaurant,Club partner + member offer,,,,wicklowtown.ie eat-drink-stay
B,Dhaka House,Restaurant,Club partner + member offer,,,,wicklowtown.ie eat-drink-stay
B,Jausna,Restaurant,Club partner + member offer,,,,wicklowtown.ie eat-drink-stay
B,La Locandina,Restaurant,Club partner + member offer,,,,wicklowtown.ie eat-drink-stay
B,Le Marche,Restaurant,Club partner + member offer,,,,wicklowtown.ie eat-drink-stay
B,Pat's Pizza Kitchen,Restaurant,Club partner + member offer,,,,Wicklow Chamber member directory
B,Sparrow's Nest,Restaurant,Club partner + member offer,,,,wicklowtown.ie eat-drink-stay
B,Tikka Asian Street Food,Restaurant,Club partner + member offer,,,,wicklowtown.ie eat-drink-stay
B,Opera,Restaurant / cafe,Club partner,,,,wicklowtown.ie eat-drink-stay
B,The Sports Room,Sports retail,Club partner + kit offer,,,,Wicklow Chamber member directory
B,A63 Digital / Creative Digital,Web design,Club partner,01 592 4936 / info@a63digital.com,,,Wicklow Chamber member directory
B,In Good Company,Web design,Club partner,www.goodco.ie,,,Wicklow Chamber member directory
C,Kilmantin Arts,Arts,Club partner,,,,wicklowtown.ie shop index
C,Bridge Street Books,Bookshop,Club partner,,,,Wicklow Chamber member directory
C,Malone's Bookshop,Bookshop,Club partner,,,,wicklowtown.ie shop index
C,MindaClient,Business services,Club partner,,,,Wicklow Chamber member directory
C,Cullen's Quality Butchers,Butcher,Club partner,,,,wicklowtown.ie shop index
C,Derek Dunne Butchers,Butcher,Club partner,,,,wicklowtown.ie shop index
C,KBR Foodservice Equipment,Catering equipment,Club partner,,,,Wicklow Chamber member directory
C,M&M CleanEx,Cleaning,Club partner,087 236 1251 / info@mmcleanex.ie,,,Wicklow Chamber member directory
C,Coaching Harmony,Coaching,Club partner,,,,Wicklow Chamber member directory
C,Marketing and Management Services,Consultancy,Club partner,,,,Wicklow Chamber member directory
C,RMDK Consultancy,Consultancy,Club partner,,,,Wicklow Chamber member directory
C,King's Gala,Convenience,Club partner,,,,Wicklow Chamber member directory
C,Powers Centra Rathnew,Convenience,Club partner,,,,Wicklow Chamber member directory
C,ND Training Services,Driving school,Club partner,086 380 0842,,,wicklowtown.ie local services
C,Safeserve,Education,Club partner,087 131 0075 / www.safeserveapp.ie,,,Wicklow Chamber member directory
C,Old Farm Equestrian Centre,Equestrian,Club partner,,,,Wicklow Chamber member directory
C,The Fishman,Fishmonger,Club partner,,,,Wicklow Chamber member directory
C,Fields Florist,Florist,Club partner,,,,wicklowtown.ie shop index
C,Glamorous Cakes,Food,Club partner,,,,Wicklow Chamber member directory
C,The Shoe Box,Footwear,Club partner,,,,Wicklow Chamber member directory
C,Flannery's Funeral Home,Funeral,Club partner,0404 61777,,,Wicklow Chamber member directory
C,McCrea's Funeral Home,Funeral,Club partner,0404 61288 / www.mccrea.ie,,,Wicklow Chamber member directory
C,Bloomin Plants,Garden,Club partner,,,,wicklowtown.ie shop index
C,Kelly's Fruit & Veg,Grocer,Club partner,,,,Wicklow Chamber member directory
C,Nikafit Studios,Gym / studio,Club partner,,,,web search
C,King Hair & Beauty,Hair & beauty,Club partner,,,,Wicklow Chamber member directory
C,Pretty & Pampered,Hair & beauty,Club partner,086 227 1429 / sarahmarieh@live.com,,,Wicklow Chamber member directory
C,Refresh Health,Health / wellness,Club partner,,,,wicklowtown.ie shop index
C,Healthy Habits,Health food,Club partner,,,,wicklowtown.ie shop index
C,All Shades Blinds & Furnishings,Home,Club partner,,,,Wicklow Chamber member directory
C,Byrne's Gifts and Furniture,Home,Club partner,,,,wicklowtown.ie shop index
C,Canopy,Home,Club partner,,,,wicklowtown.ie shop index
C,Lighthouse Interiors,Interiors,Club partner,,,,Wicklow Chamber member directory
C,T.J. Gelletlie Jewellers,Jeweller,Club partner,,,,Wicklow Chamber member directory
C,Flannery's Newsagents,Newsagent,Club partner,,,,wicklowtown.ie shop index
C,Future Nutrition,Nutrition,Club partner,,,,Wicklow Chamber member directory
C,Noltek Office Supplies,Office supplies,Club partner,www.noltek.ie,,,Wicklow Chamber member directory
C,Sean Dunne Opticians,Optician,Club partner,,,,wicklowtown.ie shop index
C,Pet Depot,Pet shop,Club partner,,,,wicklowtown.ie shop index
C,Showoff,Software / design,Club partner,,,,Wicklow Chamber member directory
C,Chicks Out,Takeaway,Club partner,,,,wicklowtown.ie eat-drink-stay
C,Sixty Six One Hundred Cabs,Taxi,Club partner,0404 66100,,,wicklowtown.ie local services
C,Wicklow Kabs,Taxi,Club partner,0404 66888,,,wicklowtown.ie local services
C,Ashfield Communications,Telecoms retail,Club partner,,,,Wicklow Chamber member directory
C,John P. Hopkins Toymaster,Toys,Club partner,,,,Wicklow Chamber member directory
C,Conal's Tree Services,Tree services,Club partner,,,,Wicklow Chamber member directory
C,Exam Focus Ireland,Tutoring,Club partner,01 287 1274,,,wicklowtown.ie local services
